{
  "$schema": "http://json-schema.org/schema#",
  "$id": "https://github.com/openintegrationhub/Data-and-Domain-Models/blob/master/src/main/schema/addresses/organizationV2.json",
  "title": "Organization",
  "type": "object",
  "allOf": [
    {
      "$ref": "../oih-data-record.json"
    }
  ],
  "properties": {
    "name": {
      "type": "string",
      "description": "Name of the organization",
      "example": "Great Company"
    },
    "logo": {
      "type": "string",
      "description": "Logo of the organization",
      "example": "http://example.org/logo.png"
    },
    "addresses": {
      "type": "array",
      "items": {
        "$ref": "sharedDefinitionsV2.json#/definitions/Address"
      }
    },
    "contactData": {
      "type": "array",
      "items": {
        "$ref": "sharedDefinitionsV2.json#/definitions/contactData"
      }
    },
    "categories": {
      "type": "array",
      "items": {
          "$ref": "sharedDefinitionsV2.json#/definitions/category"
      }
    },
    "calendars": {
      "type": "array",
      "items": {
          "$ref": "sharedDefinitionsV2.json#/definitions/calendar"
      }
    }
  }
}
