{
  "$schema": "http://json-schema.org/schema#",
  "$id": "https://github.com/openintegrationhub/Data-and-Domain-Models/blob/master/src/main/schema/addresses/personV2.json",
  "title": "Person",
  "description": "Describes a natural person",
  "type": "object",
  "allOf": [
    {
      "$ref": "../oih-data-record.json"
    }
  ],
  "properties": {
    "title":
    {
      "type": "string",
      "description": "Title of the person",
      "examples": [
        "Dr."
      ]
    },
    "salutation":
    {
      "type": "string",
      "description": "Salutation of the person",
      "examples": [
        "Mr."
      ]
    },
    "firstName":
    {
      "type": "string",
      "description": "Given name of the person",
      "examples": [
        "Max"
      ]
    },
    "middleName":
    {
      "type": "string",
      "description": "Middle name of the person",
      "examples": [
        "Schneider"
      ]
    },
    "lastName":
    {
      "type": "string",
      "description": "Surname of the person",
      "examples": [
        "Schneider"
      ]
    },
    "gender":
    {
      "type": "string",
      "enum": ["male", "female", "intersexual",""],
      "description": "Gender of the person"
    },
    "birthday":
    {
      "type": "string",
      "description": "Birthday of the person"
    },
    "notes":
    {
      "type": "string",
      "description": "Individual notes for the person"
    },
    "displayName":
    {
      "type": "string",
      "description": "Displayed name for the person within the application",
      "examples": [
        "mscheinder",
        "heNiha"
      ]
    },
    "language":
    {
      "type": "string",
      "description": "First language of the person"
    },
    "nickname":
    {
      "type": "string",
      "description": "Nickname of the person",
      "examples": [
        "maxschn",
        "silSchaef"
      ]
    },
    "jobTitle": {
      "type": "string",
      "description": "Job title of the person",
      "examples": [
        "Sales manager",
        "Software architect"
      ]
    },
    "photo":
    {
      "type": "string",
      "description": "Photo related to the person",
      "examples": [
        "http://example.org/photo.jpg"
      ]
    },
    "anniversary":
    {
      "type": "string",
      "description": "Anniversary of the person"
    },
    "addresses":
    {
      "type": "array",
      "description": "Addess data of of the person",
      "items": {
        "$ref": "sharedDefinitionsV2.json#/definitions/Address"
      }
    },
    "contactData": {
      "type": "array",
      "items": {
        "$ref": "sharedDefinitionsV2.json#/definitions/contactData"
      }
    },
    "calendars": {
      "type": "array",
      "items": {
          "$ref": "sharedDefinitionsV2.json#/definitions/calendar"
      }
    },
    "categories": {
      "type": "array",
      "items": {
          "$ref": "sharedDefinitionsV2.json#/definitions/category"
      }
    }
  }
}
