{
  "$schema": "http://json-schema.org/schema#",
  "$id": "https://github.com/openintegrationhub/Data-and-Domain-Models/blob/master/src/main/schema/oih-data-record.json",
  "title": "OIHDataRecord",
  "type": "object",
  "properties": {
    "oihUid": {
      "type": "string",
      "description": "Uniquely identifies a record within a OIH instance. This identifier is provided by the respective OIH instance, or, at least, the OIH defines how the identifier is assigned (e.g. a random UUID given by a connector. TDB!)."
    },
    "oihCreated": {
      "$ref": "#/definitions/Modification"
    },
    "oihLastModified": {
      "$ref": "#/definitions/Modification"
    },
    "modificationHistory": {
      "type": "array",
      "items": {
        "$ref": "#/definitions/Modification"
      }
    },
    "oihApplicationRecords": {
      "type": "array",
      "items": {
        "$ref": "#/definitions/ApplicationDataRecord"
      },
      "description": "Each application record maps the OIH data record to a corresponding record in an application or service which is integrated via the OIH.",
      "minItems": 1
    }
  },
  "required": [
    "oihApplicationRecords"
  ],
  "definitions": {
    "ApplicationDataRecord": {
      "type": "object",
      "description": "An application data record identifies the corresponding record of an OIH data record within an application or service which os connected to an OIH instance",
      "properties": {
        "applicationUid": {
          "type": "string",
          "description": "Identifies the application or service the record belongs to within the OIH."
        },
        "recordUid": {
          "type": "string",
          "description": "The record's UID within the respective application."
        },
        "created": {
          "$ref": "#/definitions/Modification"
        },
        "lastModified": {
          "$ref": "#/definitions/Modification"
        },
        "modificationHistory": {
          "type": "array",
          "items": {
            "$ref": "#/definitions/Modification"
          }
        }
      },
      "required": [
        "applicationUid",
        "recordUid"
      ]
    },
    "Modification": {
      "type": "object",
      "description": "Object for tracking modifications",
      "properties": {
        "userId": {
          "type": "string",
          "description": "unique identifier of the modifier"
        },
        "type": {
          "type": "string",
          "description": "type of modification",
          "examples":[
            "modification",
            "locked"
          ]
        },
        "timestamp": {
          "type": "string",
          "format": "date-time",
          "description": "Date-Time of the modification"
        }
      }
    }
  }
}
