{
	"$schema": "http://json-schema.org/draft-04/schema#",
	"$id": "http://openintegrationhub.org/schemas/addresses/organization.json",
	"title": "Organization",
	"description": "Master Data Model for Addresses to use in the Open Integration Hub",
	"allOf": [
		{
			"$ref": "http://openintegrationhub.org/schemas/oih-data-record.json"
		}
	],
	"properties": {
		"organizationName": { "type": "string" },
		"categories": {
			"type": "array",
			"items": {
				"$ref": "shared-definitions.json#definitions/Category"
			}
		},
		"addresses": {
			"type": "array",
			"items": {
				"$ref": "shared-definitions.json#definitions/Address"
			}
		},
		"phoneNumbers": {
			"type": "array",
			"items": {
				"$ref": "shared-definitions.json#definitions/Phone"
			}
		},
		"faxNumbers": {
			"type": "array",
			"items": {
				"$ref": "shared-definitions.json#definitions/Fax"
			}
		},
		"eMailAddresses": {
			"type": "array",
			"items": {
				"$ref": "shared-definitions.json#definitions/EMail"
			}
		},
		"socials": {
			"type": "array",
			"items": {
				"$ref": "shared-definitions.json#definitions/Social"
			}
		},
		"urls": {
			"type": "array",
			"items": {
				"$ref": "shared-definitions.json#definitions/Url"
			}
		}
	},
	"required": ["organizationName"]
}
