{
	"$schema": "http://json-schema.org/draft-04/schema#",
	"$id": "http://openintegrationhub.org/schemas/addresses/person.json",
	"title": "Person",
	"description": "Master Data Model for Addresses to use in the Open Integration Hub",
	"allOf": [
		{
			"$ref": "../oih-data-record.json"
		}
	],
	"properties": {
		"title": { "type": "string" },
		"salutation": { "type": "string" },
		"firstName": { "type": "string" },
		"middleName": { "type": "string" },
		"lastName": { "type": "string" },
		"gender": { "type": "string" },
		"birthday": { "type": "date-time" },
		"categories": {
			"type": "array",
			"items": {
				"$ref": "shared-definitions.json#definitions/Category"
			}
		},
		"addresses": {
			"type": "array",
			"items": {
				"$ref": "shared-definitions.json#definitions/Address"
			}
		},
		"phoneNumbers": {
			"type": "array",
			"items": {
				"$ref": "shared-definitions.json#definitions/Phone"
			}
		},
		"faxNumbers": {
			"type": "array",
			"items": {
				"$ref": "definitions.json#definitions/Fax"
			}
		},
		"eMailAddresses": {
			"type": "array",
			"items": {
				"$ref": "shared-definitions.json#definitions/EMail"
			}
		},
		"socials": {
			"type": "array",
			"items": {
				"$ref": "shared-definitions.json#definitions/Social"
			}
		},
		"urls": {
			"type": "array",
			"items": {
				"$ref": "shared-definitions.json#definitions/Url"
			}
		}
	},
	"anyOf": [
		{ "required": ["firstName"] },
		{ "required": ["lastName"] }
	]
}
