{
	"$schema": "http://json-schema.org/draft-04/schema#",
	"$id": "http://openintegrationhub.org/schemas/addresses/relation.json",
	"title": "Relation",
	"description": "Master Data Model for Addresses to use in the Open Integration Hub",
	"allOf": [
		{
			"$ref": "http://openintegrationhub.org/schemas/oih-data-record.json"
		}
	],
	"oneOf": [
		{ "$ref": "#/definitions/OrganizationToOrganizationRelation"},
		{ "$ref": "#/definitions/OrganizationToPersonRelation"},
		{ "$ref": "#/definitions/PersonToPersonRelation"}
	],
	"properties": {
		"label": { "type": "string" },
		"labelType": { "type": "string" }
	},
	"definitions": {
		"OrganizationToOrganizationRelation": {
			"properties": {
				"firstOrganization" : {
					"$ref": "#/definitions/Organization"
				},
				"secondOrganization" : {
					"$ref": "#/definitions/Organization"
				}
			},
			"required": ["firstOrganization", "secondOrganization"]
		},
		"OrganizationToPersonRelation": {
			"properties": {
				"organization" : {
					"$ref": "#/definitions/Organization"
				},
				"person" : {
					"$ref": "#/definitions/Person"
				}
			},
			"required": ["organization", "person"]
		},
		"PersonToPersonRelation": {
			"properties": {
				"firstPerson" : {
					"$ref": "#/definitions/Person"
				},
				"secondPerson" : {
					"$ref": "#/definitions/Person"
				}
			},
			"required": ["firstPerson", "secondPerson"]
		}
	}
}
